"year","division","ALP_2PP","first_prefs","total_votes","first_prefs_percent"
2007,"Adelaide",0.626085748914251,41548,82487,0.503691490780365
2007,"Aston",0.47927329556554,31820,79397,0.400770809980226
2007,"Ballarat",0.58716618933354,32779,66275,0.494590720482837
2007,"Banks",0.595252749605288,39676,79077,0.501738811538121
2007,"Barker",0.409868220149867,26088,88677,0.294191278460029
2007,"Barton",0.701156878638273,41255,73395,0.562095510593365
2007,"Bass",0.518628989155359,21784,60059,0.362710001831532
2007,"Bean",0.619738515692016,35397,69356,0.510366803160505
2007,"Bendigo",0.569241253975466,31231,68469,0.456133432648352
2007,"Bennelong",0.518433826211386,32716,76154,0.429603172518843
2007,"Berowra",0.39867507271791,21530,75551,0.284973064552422
2007,"Blair",0.575535178017954,32277,64806,0.498055735580039
2007,"Blaxland",0.685924514969508,40239,71820,0.560275689223058
2007,"Bonner",0.556748886358067,34571,71550,0.483172606568833
2007,"Boothby",0.494503370735423,33305,90820,0.366714380092491
2007,"Bowman",0.503259041211102,29622,68996,0.429329236477477
2007,"Braddon",0.521601101891356,26357,61602,0.427859485081653
2007,"Bradfield",0.361238532110092,18285,72773,0.251260769790994
2007,"Brand",0.576050554182282,23955,52316,0.457890511506996
2007,"Brisbane",0.544109002667792,28480,68430,0.41619172877393
2007,"Bruce",0.679394373293029,46608,79113,0.589132001061772
2007,"Burt",0.509749688839718,24871,60363,0.412023921938936
2007,"Calare",0.49409535318027,26377,75740,0.348257195669395
2007,"Calwell",0.73438946244215,36235,59459,0.609411527270893
2007,"Canberra",0.672270950933565,29650,58943,0.503028349422323
2007,"Canning",0.439691206175876,18279,51733,0.353333462200143
2007,"Capricornia",0.625499334221039,36932,68584,0.538492942960457
2007,"Casey",0.482389145335012,26796,73900,0.362598105548038
2007,"Chifley",0.715034540777531,40242,67456,0.59656665085389
2007,"Chisholm",0.547786994237954,36359,80880,0.44954253214639
2007,"Clark",0.659538775982415,25522,53307,0.478773894610464
2007,"Cook",0.43567365161662,25626,72572,0.353111392823679
2007,"Cooper",0.767885556013908,39385,70769,0.556528988681485
2007,"Corangamite",0.532365889450514,23977,56744,0.422546877202876
2007,"Corio",0.589531329597555,32959,73354,0.449314284156283
2007,"Cowan",0.530530685053686,27192,61216,0.444197595399895
2007,"Cowper",0.463640913115448,27743,81452,0.340605509993616
2007,"Cunningham",0.699434248281089,40914,77581,0.527371392480118
2007,"Curtin",0.360029691867903,15638,64572,0.242179272749799
2007,"Dawson",0.526403655214832,32443,71193,0.45570491480904
2007,"Deakin",0.478598618356126,27894,72606,0.38418312536154
2007,"Dickson",0.515681312782762,29554,67122,0.440302732338131
2007,"Dobell",0.556027727546715,32020,69605,0.460024423532792
2007,"Dunkley",0.493829409353796,27626,67761,0.407697643187084
2007,"Durack",0.414314223821789,18728,61481,0.304614433727493
2007,"Eden-Monaro",0.530960843850283,30669,72254,0.424460929498713
2007,"Fadden",0.387587886840503,17990,56765,0.316920637716903
2007,"Fairfax",0.478630701799976,21412,59906,0.357426635061596
2007,"Farrer",0.345030463413133,23762,84754,0.280364348585318
2007,"Fenner",0.61774351548192,23827,48297,0.493343271838831
2007,"Fisher",0.470627276130833,19440,60514,0.32124797567505
2007,"Flinders",0.429936520799568,20777,60926,0.341020254078718
2007,"Flynn",0.54167331949545,30570,65486,0.466817335002901
2007,"Forde",0.549016058077014,26610,58192,0.457279351113555
2007,"Forrest",0.428261983894704,17301,62506,0.276789428214891
2007,"Fowler",0.705741626794258,45282,76141,0.594712441391629
2007,"Franklin",0.539116057746592,20184,51007,0.395710392691199
2007,"Fraser",0.728738922221611,46606,76395,0.610066103802605
2007,"Fremantle",0.606111912026017,27896,62542,0.44603626363084
2007,"Gellibrand",0.704837025143801,38464,67019,0.573926796878497
2007,"Gilmore",0.48434940855323,26158,68914,0.379574542183011
2007,"Gippsland",0.439841859916209,24822,69957,0.354817959603757
2007,"Goldstein",0.449529512403764,23542,69486,0.338802060846789
2007,"Gorton",0.692485128080612,25719,42903,0.599468568631564
2007,"Grayndler",0.732745487281289,34941,68833,0.507619891621751
2007,"Greenway",0.546595193213949,33216,72389,0.458854245810828
2007,"Grey",0.449517795637199,33245,91125,0.36482853223594
2007,"Griffith",0.619167717528373,31862,62135,0.512786674177195
2007,"Groom",0.424912208221442,24165,69980,0.345312946556159
2007,"Hasluck",0.484219089837459,22973,62841,0.365573431358508
2007,"Herbert",0.510247155267344,28962,68453,0.423093217243948
2007,"Higgins",0.461166425105552,21973,65301,0.336487955774031
2007,"Hindmarsh",0.618111639684823,42676,85207,0.500850869060054
2007,"Hinkler",0.490174547242481,26565,63704,0.417006781363808
2007,"Holt",0.596042329474943,23798,45948,0.517933315922347
2007,"Hotham",0.618701511901925,41516,78151,0.531228007319164
2007,"Hughes",0.463775621456607,29403,75971,0.387029261165445
2007,"Hume",0.454635444558038,24239,64404,0.376358611266381
2007,"Hunter",0.650849746440834,39761,72848,0.545807709202723
2007,"Indi",0.417896734546331,21781,68521,0.317873352694794
2007,"Isaacs",0.531407739764442,28509,66234,0.430428480840656
2007,"Jagajaga",0.585188724319159,35937,75429,0.476434792984131
2007,"Kennedy",0.436608057477232,21614,74434,0.290378053040277
2007,"Kingsford Smith",0.63789272267144,34452,68671,0.501696494881391
2007,"Kingston",0.53756536450323,36057,80992,0.445192117740024
2007,"Kooyong",0.422699412199992,22800,73241,0.311301047227646
2007,"La Trobe",0.463413592896175,18930,48483,0.390446135758926
2007,"Lalor",0.661967860163518,27958,47828,0.584552981517103
2007,"Leichhardt",0.540780231018123,25555,62923,0.406131303339002
2007,"Lilley",0.591078989633523,35926,70764,0.507687524730089
2007,"Lindsay",0.567505624296963,36582,75543,0.484254001032525
2007,"Lingiari",0.486923651707617,9088,23451,0.387531448552301
2007,"Longman",0.520276069858286,26377,59277,0.444978659513808
2007,"Lyne",0.436307587402156,25014,74040,0.337844408427877
2007,"Lyons",0.593326527752757,22784,51692,0.440764528360288
2007,"Macarthur",0.591313388009703,36971,73931,0.500074393691415
2007,"Mackellar",0.381756709751924,17840,75558,0.236110008205617
2007,"Macnamara",0.596470982392138,23695,55025,0.43062244434348
2007,"Macquarie",0.5025876531976,26561,73020,0.363749657628047
2007,"Makin",0.599446056449486,44505,87216,0.510284810126582
2007,"Mallee",0.325801020343575,20544,82304,0.249611197511664
2007,"Maranoa",0.374683506149023,20780,69191,0.300328077351101
2007,"Maribyrnong",0.63345539861448,33952,65633,0.517300748099279
2007,"Mayo",0.444286993837146,24053,77039,0.312218486740482
2007,"McEwen",0.523001903458306,20460,48539,0.421516718515009
2007,"McMahon",0.637768960564302,41156,76536,0.537733876868402
2007,"McPherson",0.41393057800354,23257,67300,0.3455720653789
2007,"Melbourne",0.726999295653995,25906,54081,0.479022207429596
2007,"Menzies",0.473131985348379,27883,76692,0.363571167788035
2007,"Mitchell",0.417514826409099,22018,66373,0.331731276271978
2007,"Monash",0.442163982738659,20759,59111,0.351186750351034
2007,"Moncrieff",0.371528096067467,20329,68365,0.297359760111168
2007,"Moore",0.410578040346628,23833,73631,0.323681601499368
2007,"Moreton",0.570025715846558,36922,77629,0.475621224027103
2007,"New England",0.376086191494545,10042,76359,0.131510365510287
2007,"Newcastle",0.658801919619181,39549,81122,0.487524962402308
2007,"Nicholls",0.344632032753208,18331,73076,0.250848431769664
2007,"North Sydney",0.452572979474764,23415,67371,0.347553101482834
2007,"O'Connor",0.39211203611842,19598,72789,0.269243979172677
2007,"Oxley",0.620884520884521,34677,63807,0.543467017725328
2007,"Page",0.53671548515757,32914,82491,0.399001103150647
2007,"Parkes",0.394309052314802,21758,78087,0.278637929488903
2007,"Parramatta",0.608115446003982,33204,65340,0.508172635445363
2007,"Paterson",0.613060153980654,38826,74296,0.522585334338322
2007,"Pearce",0.406953602685529,13874,43514,0.318839913591028
2007,"Perth",0.568014076173274,28837,67141,0.429499113805275
2007,"Petrie",0.545491578535057,31672,65955,0.480206201197786
2007,"Rankin",0.621140662225896,35123,64689,0.542951661024285
2007,"Reid",0.576586277335276,31306,66475,0.470943963896202
2007,"Richmond",0.583711678670196,29935,70984,0.421714752620309
2007,"Riverina",0.353212660375903,22150,80873,0.27388621666069
2007,"Robertson",0.503269766568983,29814,71772,0.415398762748704
2007,"Ryan",0.49432072515667,28181,73085,0.385592118765821
2007,"Scullin",0.743991798595005,39844,62265,0.63991006183249
2007,"Shortland",0.64942618675013,43253,80301,0.538635882492123
2007,"Solomon",0.510041043682205,17531,42217,0.415259255750053
2007,"Spence",0.635734806013444,39583,75623,0.523425412903482
2007,"Stirling",0.501897627141018,25762,64102,0.401890736638482
2007,"Sturt",0.499415218222032,36274,89407,0.405717673112844
2007,"Swan",0.500041387302376,24709,63444,0.389461572410315
2007,"Sydney",0.704481552599095,28763,61366,0.468712316266336
2007,"Tangney",0.417188381070804,22370,71170,0.314317830546579
2007,"Wannon",0.436101102374861,27862,76790,0.362833702304988
2007,"Warringah",0.413415853963491,18225,66350,0.274679728711379
2007,"Watson",0.70885253358894,38630,68495,0.563982772465143
2007,"Wentworth",0.448435865420308,17449,62400,0.27963141025641
2007,"Werriwa",0.683464517545235,40397,68821,0.58698653027419
2007,"Whitlam",0.667631543351819,43171,77653,0.555947613099301
2007,"Wide Bay",0.419834582979052,20135,67633,0.297709697928526
2007,"Wills",0.748046404903644,36850,65475,0.562810232913326
2007,"Wright",0.461491979784663,20918,56763,0.368514701478076
2010,"Adelaide",0.625182939577671,37009,81306,0.45518165941013
2010,"Aston",0.504645506506141,33127,86300,0.383858632676709
2010,"Ballarat",0.618787465940055,38247,76350,0.500943025540275
2010,"Banks",0.514451746800415,31346,78689,0.398353009950565
2010,"Barker",0.381104443742616,24610,90681,0.271390919817823
2010,"Barton",0.600028350698136,35399,79134,0.447329845578386
2010,"Bass",0.572158947102,25730,61841,0.416067010559338
2010,"Bean",0.590897282693407,34988,81251,0.430616238569371
2010,"Bendigo",0.598730089816297,34838,76597,0.454821990417379
2010,"Bennelong",0.468026649204225,26268,76062,0.345349846178118
2010,"Berowra",0.336635258113876,16769,78244,0.214316752722253
2010,"Blair",0.539759676234823,26579,68092,0.390339540621512
2010,"Blaxland",0.631421677505952,32800,73254,0.447757119065171
2010,"Bonner",0.483053489511424,25031,71229,0.351415855901388
2010,"Boothby",0.513535170539665,33126,90430,0.366316487891187
2010,"Bowman",0.395798150957438,21155,74013,0.285828165322308
2010,"Braddon",0.577267589952936,29006,62133,0.466837268440281
2010,"Bradfield",0.314067278287462,13644,75127,0.181612469551559
2010,"Brand",0.546980455568054,23728,60183,0.394264160975691
2010,"Brisbane",0.493945350599463,20600,69386,0.296889862508287
2010,"Bruce",0.67742672761495,43949,79810,0.550670342062398
2010,"Burt",0.517447605179677,23996,61097,0.392752508306463
2010,"Calare",0.408564201397254,25176,87528,0.287633671510831
2010,"Calwell",0.726379454393549,33121,59472,0.556917541027711
2010,"Canberra",0.658537750115407,27824,65415,0.425345868684552
2010,"Canning",0.453978303528453,20514,56554,0.362732963185628
2010,"Capricornia",0.545033651357148,31594,72277,0.43712384299293
2010,"Casey",0.501083098444514,28396,80189,0.354113407075783
2010,"Chifley",0.631743041797928,32675,69711,0.468720861843898
2010,"Chisholm",0.539221718065062,33240,80890,0.410928421312894
2010,"Clark",0.663422140313836,20275,58079,0.349093476127344
2010,"Cook",0.367396353910044,20940,75974,0.27562060704978
2010,"Cooper",0.760545023696682,35654,71413,0.499264839735062
2010,"Corangamite",0.54380073800738,23183,56166,0.412758608410782
2010,"Corio",0.614632165663874,40047,84979,0.471257604820014
2010,"Cowan",0.472302432284009,20189,59997,0.33650015834125
2010,"Cowper",0.389408418657565,19685,91545,0.215030859140314
2010,"Cunningham",0.652241132576919,40166,83571,0.480621268143255
2010,"Curtin",0.330452538107223,11894,65098,0.182709146210329
2010,"Dawson",0.474314172125465,28196,75257,0.374662822063064
2010,"Deakin",0.49207302426135,28388,77780,0.364978143481615
2010,"Dickson",0.456335726877929,24045,73246,0.328277312071649
2010,"Dobell",0.567052991406431,35450,78394,0.452202974717453
2010,"Dunkley",0.523101130024317,29155,73115,0.398755385351843
2010,"Durack",0.354349664909884,14355,64829,0.221428681608539
2010,"Eden-Monaro",0.523509845662587,31297,80138,0.390538820534578
2010,"Fadden",0.351606538895152,15418,60627,0.254309136193445
2010,"Fairfax",0.43843498273878,17721,66963,0.264638681062676
2010,"Farrer",0.311612445921834,17808,87349,0.203871824520029
2010,"Fenner",0.6144616635154,26662,59580,0.447499160792212
2010,"Fisher",0.463266583229036,19365,67553,0.286663804716297
2010,"Flinders",0.431578309786641,22202,68923,0.322127591660259
2010,"Flynn",0.484279048886466,26358,66168,0.398349655422561
2010,"Forde",0.495386347949286,21243,59650,0.356127409891031
2010,"Forrest",0.400651465798046,17229,67291,0.25603721151417
2010,"Fowler",0.583125590325627,33626,74904,0.448921285912635
2010,"Franklin",0.614142146112626,22550,54473,0.413966552236888
2010,"Fraser",0.736243803655067,49902,86774,0.575080093115449
2010,"Fremantle",0.569436859520062,24910,66130,0.376682292454257
2010,"Gellibrand",0.734014251781473,37417,66642,0.561462741214249
2010,"Gilmore",0.444361661825988,27870,83803,0.332565659940575
2010,"Gippsland",0.38398133353623,25186,82114,0.306719925956597
2010,"Goldstein",0.445351668815356,21427,72051,0.297386573399398
2010,"Gorton",0.736550299350704,30266,51177,0.591398479785841
2010,"Grayndler",0.703860072376357,28753,67328,0.427058578897338
2010,"Greenway",0.500948819556845,29971,79902,0.375096993817426
2010,"Grey",0.401171907237765,27338,89962,0.303883862075098
2010,"Griffith",0.575134932021589,25518,61635,0.414018009247992
2010,"Groom",0.320376052016776,16432,74299,0.221160446304795
2010,"Hasluck",0.46990011850347,20408,62575,0.326136636036756
2010,"Herbert",0.480029966067835,27428,72767,0.376929102477772
2010,"Higgins",0.443528289696336,19409,66978,0.28978171937054
2010,"Hindmarsh",0.625111915360462,39177,84722,0.462418262080687
2010,"Hinkler",0.399663595144069,22592,72639,0.311017497487576
2010,"Holt",0.612798200438051,26822,53783,0.498707770113233
2010,"Hotham",0.613822834098178,41305,82876,0.498395192818186
2010,"Hughes",0.430831085012961,26692,80202,0.332809655619561
2010,"Hume",0.422494076976949,22608,71488,0.316248880931065
2010,"Hunter",0.627421031690005,42495,83623,0.508173588606005
2010,"Indi",0.410192068979325,21320,78107,0.272958889728193
2010,"Isaacs",0.569650661789777,29743,67421,0.441153349846487
2010,"Jagajaga",0.613191004620563,37724,81682,0.461839817830122
2010,"Kennedy",0.385192323807928,15355,75876,0.202369655754125
2010,"Kingsford Smith",0.549283282309519,30871,76458,0.403764158099872
2010,"Kingston",0.62628171214068,39737,83968,0.473239805640244
2010,"Kooyong",0.435314563781717,20551,74047,0.27753994084838
2010,"La Trobe",0.486675006634065,20819,55158,0.377442981979042
2010,"Lalor",0.72611020265677,35351,57983,0.609678698928996
2010,"Leichhardt",0.455598877105427,22111,68242,0.324008675009525
2010,"Lilley",0.536277649735101,27774,70202,0.395629754138059
2010,"Lindsay",0.506936960288119,32577,80025,0.407085285848172
2010,"Lingiari",0.524982650936849,9832,27738,0.354459586127334
2010,"Longman",0.477303348359088,22538,65061,0.346413365918138
2010,"Lyne",0.389299570095418,17113,80105,0.213632107858436
2010,"Lyons",0.638087234565877,24966,51517,0.484616728458567
2010,"Macarthur",0.534394895467186,31744,78237,0.405741528944106
2010,"Mackellar",0.34529082759259,16228,79925,0.203040350328433
2010,"Macnamara",0.598135198135198,22878,59923,0.38178996378686
2010,"Macquarie",0.488530900653871,24909,80337,0.310056387467792
2010,"Makin",0.631259065680481,42941,89283,0.480953820996158
2010,"Mallee",0.290728111041737,19438,87281,0.222705972663008
2010,"Maranoa",0.287732166791864,14464,71856,0.201291471832554
2010,"Maribyrnong",0.65207635188001,34357,71279,0.482007323335064
2010,"Mayo",0.442496078985936,20704,81576,0.253800137295283
2010,"McEwen",0.572438481983041,25322,58057,0.436157569285357
2010,"McMahon",0.579385029281085,37362,83291,0.448571874512252
2010,"McPherson",0.396978659243795,19996,73544,0.271891656695312
2010,"Melbourne",0.730567404699032,21976,61265,0.358703990859381
2010,"Menzies",0.453266224316783,26216,78118,0.335594869300289
2010,"Mitchell",0.336405397645708,18998,73865,0.257198944019495
2010,"Monash",0.447025217842922,24094,72232,0.333564071325728
2010,"Moncrieff",0.327445112827873,15476,70011,0.221050977703504
2010,"Moore",0.386563965170797,19907,77954,0.255368550683737
2010,"Moreton",0.513063031410301,26161,75167,0.348038367900808
2010,"New England",0.339837518101269,8491,84652,0.1003047772055
2010,"Newcastle",0.628122904886595,38135,84051,0.453712626857503
2010,"Nicholls",0.329937754995292,20271,81282,0.249391009079501
2010,"North Sydney",0.367664437554743,16500,75541,0.218424431765531
2010,"O'Connor",0.294100805932118,13869,74085,0.187203887426605
2010,"Oxley",0.562450238853503,27381,64865,0.422122870577353
2010,"Page",0.530939442894209,35099,85785,0.409150783936586
2010,"Parkes",0.347254768564013,19093,84232,0.226671573748694
2010,"Parramatta",0.548796704722366,27842,68042,0.409188442432615
2010,"Paterson",0.577447865210542,37894,80222,0.472364189374486
2010,"Pearce",0.39785202347184,13568,48987,0.276971441402821
2010,"Perth",0.546811313444401,25055,67976,0.36858597151936
2010,"Petrie",0.518752567221713,26915,66898,0.402328918652277
2010,"Rankin",0.558528756714267,27858,66192,0.420866569978245
2010,"Reid",0.490911644017287,24811,69619,0.356382596704923
2010,"Richmond",0.561379785767314,30669,79946,0.383621444475021
2010,"Riverina",0.328076359363833,19611,87276,0.224700948714423
2010,"Robertson",0.511942696478779,29990,79856,0.375550991785213
2010,"Ryan",0.433145434047351,19350,77642,0.249220782566137
2010,"Scullin",0.746883215328291,40298,66251,0.608262516792199
2010,"Shortland",0.631210701111855,41047,81613,0.502946834450394
2010,"Solomon",0.483747018814592,16506,47791,0.345378837019522
2010,"Spence",0.68020881572854,38769,76678,0.505607866663189
2010,"Stirling",0.453283155982351,20574,65278,0.315175097276265
2010,"Sturt",0.468218580271802,30779,89093,0.345470463448307
2010,"Swan",0.469459520215807,22070,65662,0.336115256921812
2010,"Sydney",0.662047652277938,25361,64075,0.395801794771752
2010,"Tangney",0.388500250892883,18092,70233,0.257599703842923
2010,"Wannon",0.43987345607932,26119,87115,0.299822074269644
2010,"Warringah",0.366790002486216,14852,71734,0.207042685476901
2010,"Watson",0.620171574310225,33966,75074,0.452433598849136
2010,"Wentworth",0.329819156276577,12519,65366,0.191521586145703
2010,"Werriwa",0.576223326908119,30183,66886,0.451260353437192
2010,"Whitlam",0.611330494257324,38710,83255,0.464957059636058
2010,"Wide Bay",0.345646938626578,16666,72563,0.229676281300387
2010,"Wills",0.746562278893777,34904,69694,0.500817860934944
2010,"Wright",0.408807877493393,16004,58853,0.271931762187144
2013,"Adelaide",0.576400291354428,36857,85116,0.433020818647493
2013,"Aston",0.433563970310731,26486,83430,0.317463742059211
2013,"Ballarat",0.546896099902397,31172,78601,0.396585285174489
2013,"Banks",0.469377062180495,28102,78033,0.360129688721438
2013,"Barker",0.342380343210133,16700,91846,0.181826100211223
2013,"Barton",0.542348312279975,32199,83007,0.387907043984242
2013,"Bass",0.461086216771672,20448,62081,0.329376137626649
2013,"Bean",0.569934890846419,32997,81812,0.403327140272821
2013,"Bendigo",0.515940301741651,27279,78528,0.347379278728606
2013,"Bennelong",0.425375471466892,24315,79862,0.304462698154316
2013,"Berowra",0.312098882814357,13772,75911,0.181422982176496
2013,"Blair",0.549101787539061,27795,71688,0.387721794442585
2013,"Blaxland",0.633579499662823,35046,71292,0.491583908432924
2013,"Bonner",0.47879842191917,24048,67452,0.35652019213663
2013,"Boothby",0.440876572197052,29808,94352,0.315923350856368
2013,"Bowman",0.414440212405127,21672,75443,0.287263231843909
2013,"Braddon",0.472528203933575,22484,62416,0.360228146629069
2013,"Bradfield",0.28526146654981,10994,72803,0.151010260566185
2013,"Brand",0.545255498485447,25513,64631,0.394748650028624
2013,"Brisbane",0.476595469255663,24709,80370,0.307440587283812
2013,"Bruce",0.632489636535986,38025,76345,0.498067980876285
2013,"Burt",0.453087573260851,19588,62721,0.31230369413753
2013,"Calare",0.353161471152827,22616,90632,0.249536587518757
2013,"Calwell",0.660698545614808,28930,59418,0.486889494765896
2013,"Canberra",0.647792893461925,29100,68993,0.421781919904918
2013,"Canning",0.380950790655735,16213,63387,0.255777998643255
2013,"Capricornia",0.500661654982121,26776,75070,0.356680431597176
2013,"Casey",0.449684277835505,21486,78764,0.272789599309329
2013,"Chifley",0.619375253549696,33373,71919,0.464035929309362
2013,"Chisholm",0.494056714762877,27549,77232,0.356704474829086
2013,"Clark",0.598352901897502,13828,56398,0.245185999503528
2013,"Cook",0.323903740343467,17700,77562,0.228204533147675
2013,"Cooper",0.727699874118095,28581,72793,0.392633907106453
2013,"Corangamite",0.48833288823608,20360,62799,0.324208984219494
2013,"Corio",0.570097255354287,32649,80700,0.40457249070632
2013,"Cowan",0.466748644004986,21503,63136,0.340582235174861
2013,"Cowper",0.364655673677166,21482,96660,0.222242913304366
2013,"Cunningham",0.621077702447262,37950,85848,0.442060385798155
2013,"Curtin",0.312502964098835,10806,65443,0.165120792139725
2013,"Dawson",0.424532886920834,22219,78026,0.284764053007972
2013,"Deakin",0.451051328781655,23169,76977,0.300986008807826
2013,"Dickson",0.441686316541622,22610,73224,0.308778542554354
2013,"Dobell",0.508981013074042,28566,82660,0.345584321316235
2013,"Dunkley",0.476792255748606,23248,71646,0.324484269882478
2013,"Durack",0.343322443962868,12030,66329,0.181368632121696
2013,"Eden-Monaro",0.475685898598409,28272,81990,0.344822539334065
2013,"Fadden",0.348808030112923,13798,66092,0.208769593899413
2013,"Fairfax",0.379424431704743,12719,74012,0.17185051072799
2013,"Farrer",0.285530164080702,16514,86766,0.190328008666989
2013,"Fenner",0.593477838693775,29908,69810,0.428419997135081
2013,"Fisher",0.413511722978978,13047,65879,0.1980449004994
2013,"Flinders",0.398440231684884,17333,69302,0.250108221984935
2013,"Flynn",0.455946935041171,23381,69434,0.336737045251606
2013,"Forde",0.468517072478171,19765,61103,0.32347020604553
2013,"Forrest",0.361547672504116,15737,70954,0.221791583279308
2013,"Fowler",0.633557828219839,34595,70410,0.491336457889504
2013,"Franklin",0.552446762440926,21160,55353,0.382273770166025
2013,"Fraser",0.68587967851331,44708,87953,0.508316942003115
2013,"Fremantle",0.564547206165703,26971,68570,0.393335277818288
2013,"Gellibrand",0.64538424359594,27469,65937,0.416594628205712
2013,"Gilmore",0.459999023771172,28005,86650,0.323196768609348
2013,"Gippsland",0.339600560706799,18105,82839,0.218556477021693
2013,"Goldstein",0.397135902758075,16081,69316,0.231995498874719
2013,"Gorton",0.644947012747658,25738,56014,0.459492269789695
2013,"Grayndler",0.695145485825417,31750,71573,0.44360303466391
2013,"Greenway",0.540072172999758,33881,83131,0.407561559466384
2013,"Grey",0.37342849040552,23819,89804,0.265233174468843
2013,"Griffith",0.514300363717934,24681,65490,0.37686669720568
2013,"Groom",0.345059984898907,16312,74669,0.218457458918695
2013,"Hasluck",0.442579321180639,18437,66212,0.278454056666465
2013,"Herbert",0.44205238607822,21612,77186,0.279998963542611
2013,"Higgins",0.402126138731313,16616,68439,0.242785546252868
2013,"Hindmarsh",0.545888394814305,34797,84564,0.41148715765574
2013,"Hinkler",0.408024472182012,20116,77164,0.260691514177596
2013,"Holt",0.558729005901044,24754,58555,0.422747843907437
2013,"Hotham",0.544773556830177,34622,82805,0.41811484813719
2013,"Hughes",0.376739616874966,21452,78282,0.274034899466033
2013,"Hume",0.357518202817891,18767,79536,0.235956045061356
2013,"Hunter",0.555044449679491,36094,86544,0.417059530412276
2013,"Indi",0.411055875919666,8732,79709,0.109548482605477
2013,"Isaacs",0.49714648065948,25120,69424,0.36183452408389
2013,"Jagajaga",0.527963432434509,29861,81655,0.365697140407813
2013,"Kennedy",0.333894873936494,12255,74893,0.163633450389222
2013,"Kingsford Smith",0.530001283019944,30169,77248,0.390547328086164
2013,"Kingston",0.574206116307239,38009,84269,0.451043681543628
2013,"Kooyong",0.403137165101901,16519,72406,0.228144076457752
2013,"La Trobe",0.418962967941394,18109,62658,0.289013374190048
2013,"Lalor",0.630312374312911,27662,64140,0.431275335204241
2013,"Leichhardt",0.440194191010295,22955,75997,0.302051396765662
2013,"Lilley",0.506992262369561,27973,73914,0.378453337662689
2013,"Lindsay",0.469253676758705,29980,83510,0.358998922284756
2013,"Lingiari",0.46816595579682,9102,27488,0.331126309662398
2013,"Longman",0.432003148366785,19579,67079,0.291879723907631
2013,"Lyne",0.361623808902232,18179,81375,0.223397849462366
2013,"Lyons",0.499898662342927,19010,51870,0.36649315596684
2013,"Macarthur",0.472275013974287,27965,79426,0.35208873668572
2013,"Mackellar",0.314083427997781,13253,80625,0.164378294573643
2013,"Macnamara",0.561483409238777,17563,55931,0.31401190752892
2013,"Macquarie",0.457677500458319,23980,81063,0.295819301037465
2013,"Makin",0.560327365014319,39967,90624,0.441020038841808
2013,"Mallee",0.277475582632241,15880,88832,0.178764409221902
2013,"Maranoa",0.292038834951456,11972,73025,0.163943854844231
2013,"Maribyrnong",0.595500043773893,27837,72608,0.383387505509035
2013,"Mayo",0.393208698023853,18678,84024,0.222293630391317
2013,"McEwen",0.484440444459829,20227,60432,0.334706777866031
2013,"McMahon",0.575972811403562,42836,94305,0.454228301786756
2013,"McPherson",0.364960294196024,16743,79317,0.211089678127009
2013,"Melbourne",0.70018118821323,16992,66645,0.254962862930452
2013,"Menzies",0.392582548360573,19695,72524,0.271565274943467
2013,"Mitchell",0.283286590597667,16388,83472,0.196329308031436
2013,"Monash",0.376161193248724,16839,73306,0.229708345837994
2013,"Moncrieff",0.33041729814084,14087,70945,0.198562266544506
2013,"Moore",0.373038838302052,19325,78834,0.24513534769262
2013,"Moreton",0.521312243016637,26945,72700,0.370632737276479
2013,"New England",0.300774832650859,10686,87008,0.122816292754689
2013,"Newcastle",0.598294429033469,36867,88302,0.417510362166202
2013,"Nicholls",0.304040568867913,17562,85070,0.206441753849771
2013,"North Sydney",0.34709912712353,15148,78868,0.192067758786834
2013,"O'Connor",0.350087793179255,13917,74669,0.18638256840188
2013,"Oxley",0.539814529095545,26921,66436,0.405217050996448
2013,"Page",0.472582701062216,29874,86762,0.344321246628708
2013,"Parkes",0.308713514061826,18372,84864,0.216487556561086
2013,"Parramatta",0.520190814288884,27393,71017,0.385724544827295
2013,"Paterson",0.508637682578939,33193,87286,0.380278624292555
2013,"Pearce",0.404701530952699,13738,55892,0.245795462678022
2013,"Perth",0.536834655518615,24159,64126,0.37674266288245
2013,"Petrie",0.49164660176965,26556,71573,0.371033769717631
2013,"Rankin",0.551008778684737,27682,69728,0.396999770536944
2013,"Reid",0.454759177768401,24682,72749,0.339276141252801
2013,"Richmond",0.512859733307018,27895,85423,0.326551397164698
2013,"Riverina",0.308822122284949,18280,89599,0.204020134153283
2013,"Robertson",0.470467954311614,26979,81799,0.329820657954254
2013,"Ryan",0.415724232589394,17903,72371,0.247378093435216
2013,"Scullin",0.679795531524813,35388,69510,0.509106603366422
2013,"Shortland",0.574535761197105,37414,83131,0.450060747494918
2013,"Solomon",0.487954409858662,17554,51429,0.341324933403333
2013,"Spence",0.605387763837243,36060,79929,0.451150395976429
2013,"Stirling",0.414849125331654,20483,70955,0.288675921358608
2013,"Sturt",0.405703107716312,25745,89969,0.286154119752359
2013,"Swan",0.431587009803922,20084,69316,0.289745513301402
2013,"Sydney",0.626471528258669,31935,80781,0.39532810933264
2013,"Tangney",0.367522139887945,16669,69475,0.239928031666067
2013,"Wannon",0.392642415591014,24060,86560,0.277957486136784
2013,"Warringah",0.345489882245341,13322,74050,0.179905469277515
2013,"Watson",0.59755415692965,36518,81625,0.447387442572741
2013,"Wentworth",0.312410113662723,12237,68864,0.177698071561338
2013,"Werriwa",0.569580026687267,28571,66442,0.430014147677674
2013,"Whitlam",0.566210563451265,35153,86465,0.406557566645463
2013,"Wide Bay",0.373482659987762,14549,73861,0.196978107526299
2013,"Wills",0.716702139576565,29798,66795,0.446111235870948
2013,"Wright",0.390177980436861,12078,57506,0.210030257712239
2016,"Adelaide",0.593376623376623,34078,88410,0.385454134147721
2016,"Aston",0.433727966986651,25239,83248,0.303178454737651
2016,"Ballarat",0.569360378458946,33260,81728,0.40695967110415
2016,"Banks",0.490701370098355,28513,75399,0.378161514078436
2016,"Barker",0.361677991800977,14451,93223,0.155015393196958
2016,"Barton",0.579260304343445,33586,76482,0.439136005857587
2016,"Bass",0.560934533146207,24389,63214,0.385816433068624
2016,"Bean",0.589440863660451,36721,83782,0.438292234608866
2016,"Bendigo",0.539555250060463,30559,82565,0.370120511112457
2016,"Bennelong",0.403169859650995,21571,79414,0.27162716901302
2016,"Berowra",0.33972563100922,15426,79524,0.193979176097782
2016,"Blair",0.589797920903312,29473,74781,0.39412417592704
2016,"Blaxland",0.710856956131035,40059,70074,0.571667094785512
2016,"Bonner",0.491381258271732,23068,64186,0.359393014052909
2016,"Boothby",0.470292842229241,25330,97484,0.259837511796808
2016,"Bowman",0.429546568943715,24974,80690,0.309505514933697
2016,"Braddon",0.522294500295683,23810,62623,0.380211743289207
2016,"Bradfield",0.289206543559662,11838,73057,0.162037860848379
2016,"Brand",0.623585261095622,32361,69462,0.465880625377904
2016,"Brisbane",0.466608752307525,22818,85135,0.268021377811711
2016,"Bruce",0.668562071277529,44713,82426,0.542462329847378
2016,"Burt",0.572752680812229,33344,73457,0.453925425759288
2016,"Calare",0.380040446475458,24288,94605,0.256730616775012
2016,"Calwell",0.712750693492332,38069,67717,0.562177887384261
2016,"Canberra",0.64430307383357,28815,69766,0.41302353581974
2016,"Canning",0.437273869536915,22413,69149,0.324126162345081
2016,"Capricornia",0.510187449062755,28594,75310,0.379683972911964
2016,"Casey",0.4630198378699,21873,79196,0.276188191322794
2016,"Chifley",0.69993813157352,42258,74568,0.566704216285806
2016,"Chisholm",0.46770452436828,25148,75457,0.333275905482593
2016,"Clark",0.659297973020694,13715,58418,0.234773528706905
2016,"Cook",0.3431843560911,20388,81267,0.250876739636015
2016,"Cooper",0.738453928773318,24421,76820,0.317898984639417
2016,"Corangamite",0.518736849742436,19696,58091,0.339054242481624
2016,"Corio",0.573686223342032,37916,93438,0.405787795115478
2016,"Cowan",0.516139034448544,27883,68445,0.407378186865366
2016,"Cowper",0.368793144737253,13378,101411,0.131918628156709
2016,"Cunningham",0.635799232584189,40567,88495,0.458410079665518
2016,"Curtin",0.290645862797877,10196,67156,0.1518256000953
2016,"Dawson",0.47150457870773,26134,82170,0.318047949373251
2016,"Deakin",0.444817951009177,21929,72765,0.30136741565313
2016,"Dickson",0.494906760864208,26312,75967,0.346360919873103
2016,"Dobell",0.557230197026971,36316,87542,0.414840876379338
2016,"Dunkley",0.522075259478622,26708,74968,0.356258670366023
2016,"Durack",0.384700215695496,15699,64354,0.243947540168443
2016,"Eden-Monaro",0.535946493616281,34499,86250,0.399988405797101
2016,"Fadden",0.383179142136249,18471,74889,0.246645034651284
2016,"Fairfax",0.387319018881608,16052,82467,0.194647555992094
2016,"Farrer",0.303734732894144,14789,88263,0.16755605406569
2016,"Fenner",0.611539770021093,34145,75881,0.449980891132167
2016,"Fisher",0.415073603393031,16254,69702,0.233192734785229
2016,"Flinders",0.438812444342306,19676,72731,0.270531135279317
2016,"Flynn",0.517228153167551,22741,67057,0.33912939737835
2016,"Forde",0.511787138152193,22824,61198,0.372953364489036
2016,"Forrest",0.379960707269155,16863,75851,0.222317438135292
2016,"Fowler",0.670660873542191,39977,73693,0.542480289851139
2016,"Franklin",0.611597975946025,25645,56599,0.453099878089719
2016,"Fraser",0.714423548392199,38192,67471,0.566050599516829
2016,"Fremantle",0.585885269853451,28778,70793,0.406509118133149
2016,"Gellibrand",0.655762942979048,31190,71115,0.438585389861492
2016,"Gilmore",0.497443298031908,35098,91995,0.381520734822545
2016,"Gippsland",0.320421229575062,16786,87126,0.192663498840759
2016,"Goldstein",0.384884908476707,14258,65444,0.217865656133488
2016,"Gorton",0.677347932242459,39718,69692,0.569907593411008
2016,"Grayndler",0.72473203419405,32164,73266,0.439003084650452
2016,"Greenway",0.569109630526953,37193,80612,0.461382920656974
2016,"Grey",0.425572893240609,19500,90565,0.215314967150665
2016,"Griffith",0.514326956579449,20217,62790,0.321978021978022
2016,"Groom",0.358533298133971,16520,74928,0.220478325859492
2016,"Hasluck",0.480168737677106,23342,68295,0.341781975254411
2016,"Herbert",0.507191026240235,23402,80597,0.290358201918186
2016,"Higgins",0.395177762420333,10495,67781,0.1548369011965
2016,"Hindmarsh",0.586276815280511,33747,87693,0.384831172385481
2016,"Hinkler",0.41938519863731,20211,79295,0.254883662273788
2016,"Holt",0.607704110474037,31054,65386,0.474933471997064
2016,"Hotham",0.536420652518213,33335,82380,0.4046491866958
2016,"Hughes",0.40717929492415,24150,78292,0.308460634547591
2016,"Hume",0.397828596693768,26294,86268,0.304794361756387
2016,"Hunter",0.625960717335611,43907,91719,0.478712153425135
2016,"Indi",0.450598245147567,7505,80938,0.0927252959055079
2016,"Isaacs",0.503495449062397,27760,75532,0.367526346449187
2016,"Jagajaga",0.544381393653851,30818,79383,0.388219140118161
2016,"Kennedy",0.437772329246935,13954,74555,0.187163838776742
2016,"Kingsford Smith",0.589377155397638,37165,80902,0.459382957158043
2016,"Kingston",0.643788510063963,39680,88793,0.446882074037368
2016,"Kooyong",0.381240252506498,14017,68790,0.203765082134031
2016,"La Trobe",0.474055807535926,23101,72376,0.31918039128993
2016,"Lalor",0.647337101649655,39412,77498,0.508555059485406
2016,"Leichhardt",0.467267063921994,20790,79766,0.26063736429055
2016,"Lilley",0.539335708831764,33173,81102,0.409028137407216
2016,"Lindsay",0.513170131111897,31767,86933,0.365419345933075
2016,"Lingiari",0.530816189998327,8566,25399,0.337257372337494
2016,"Longman",0.519716363746792,24143,72468,0.333153943809681
2016,"Lyne",0.38136665806515,21457,85469,0.251050088336122
2016,"Lyons",0.544662396851848,20639,52384,0.39399434941967
2016,"Macarthur",0.588950739667531,41515,84485,0.491389003965201
2016,"Mackellar",0.34567741266715,13310,81702,0.162909108712149
2016,"Macnamara",0.536121054344289,14860,57819,0.257008941697366
2016,"Macquarie",0.527521525215252,28316,83690,0.338343888158681
2016,"Makin",0.608034423486289,37809,92283,0.409707096648353
2016,"Mallee",0.297947561988373,18910,88740,0.213094433175569
2016,"Maranoa",0.342603024014231,13060,71938,0.181545219494565
2016,"Maribyrnong",0.590635412404279,28048,71561,0.391945333351965
2016,"Mayo",0.467759886336727,13413,87099,0.153997175627734
2016,"McEwen",0.557074449153913,25925,65586,0.395282529808191
2016,"McMahon",0.639884078971201,46295,92738,0.499202053095818
2016,"McPherson",0.385471294985987,18813,75745,0.248372829889762
2016,"Melbourne",0.666875729288215,16566,70509,0.234948729949368
2016,"Menzies",0.430574358495557,17404,67548,0.257653816545272
2016,"Mitchell",0.315294674320437,19367,84273,0.229812632753076
2016,"Monash",0.422722722722723,19314,74034,0.260880136153659
2016,"Moncrieff",0.361074037399004,17395,73340,0.237182983365149
2016,"Moore",0.394480980012895,22833,80212,0.2846581558869
2016,"Moreton",0.548857063317764,24529,67740,0.362105107764984
2016,"New England",0.337909508772358,5502,88478,0.0621849499310563
2016,"Newcastle",0.639529049347134,40597,90181,0.450172430999878
2016,"Nicholls",0.268102312131332,12942,85938,0.150596941981428
2016,"North Sydney",0.364041237113402,12273,76373,0.160698152488445
2016,"O'Connor",0.351904041315545,15162,75049,0.202028008367866
2016,"Oxley",0.593794202164882,31455,70215,0.447981200598163
2016,"Page",0.481322684284357,31388,92033,0.341051579324807
2016,"Parkes",0.35578506767718,23609,85516,0.276076991440198
2016,"Parramatta",0.588412328492275,31247,71687,0.435880982604935
2016,"Paterson",0.608685495622768,41833,94697,0.441756338637972
2016,"Pearce",0.468097897451312,22075,66450,0.332204665161776
2016,"Perth",0.540269085824395,22011,60996,0.360859728506787
2016,"Petrie",0.489851650618004,27386,73582,0.372183414422005
2016,"Rankin",0.615931138133625,32990,70137,0.470365142506808
2016,"Reid",0.455296411293234,25680,73240,0.350628072091753
2016,"Richmond",0.537098672045722,28005,92748,0.301947211799715
2016,"Riverina",0.337764426950257,22526,91264,0.246822405329593
2016,"Robertson",0.49178926370534,32879,88914,0.369784285939222
2016,"Ryan",0.412378536943103,15240,67074,0.22721173629126
2016,"Scullin",0.701806868493479,45557,80354,0.566953729745875
2016,"Shortland",0.602577746245714,43373,88986,0.487413750477603
2016,"Solomon",0.570733845383202,20279,51649,0.392631028674321
2016,"Spence",0.681627976486998,37250,85571,0.435311028268923
2016,"Stirling",0.4417415532524,21497,68362,0.314458324800328
2016,"Sturt",0.439433077289103,20488,91729,0.223353574115056
2016,"Swan",0.471776753878967,20923,63910,0.327382256297919
2016,"Sydney",0.63566992883652,34012,86856,0.391590678824721
2016,"Tangney",0.387408088235294,16010,69254,0.231177982499206
2016,"Wannon",0.410777438839128,24938,86378,0.288707772812522
2016,"Warringah",0.383387261580381,10326,75021,0.13764146039109
2016,"Watson",0.666035120735476,43521,88354,0.492575322000136
2016,"Wentworth",0.325275088938529,11045,63948,0.172718458747733
2016,"Werriwa",0.584001257268584,36846,77061,0.478140693736131
2016,"Whitlam",0.63422444379979,47264,94821,0.498454983600679
2016,"Wide Bay",0.422337463547234,17313,80103,0.216134227182503
2016,"Wills",0.717612878643551,26119,68370,0.382024279654819
2016,"Wright",0.41916861118313,13755,60727,0.226505508258271
